<?xml version="1.0" encoding="UTF-8"?>
<beans xmlns="http://www.springframework.org/schema/beans"
	xmlns:xsi="http://www.w3.org/2001/XMLSchema-instance" xmlns:cps="http://www.compass-project.org/schema/spring-core-config"
	xmlns:tx="http://www.springframework.org/schema/tx" xmlns:context="http://www.springframework.org/schema/context"
	xsi:schemaLocation=
		"http://www.compass-project.org/schema/spring-core-config http://www.compass-project.org/schema/spring-compass-core-config-2.1.xsd
		http://www.springframework.org/schema/beans http://www.springframework.org/schema/beans/spring-beans-3.0.xsd
		http://www.springframework.org/schema/context http://www.springframework.org/schema/context/spring-context-3.1.xsd
		http://www.springframework.org/schema/tx http://www.springframework.org/schema/tx/spring-tx-3.0.xsd">

	<context:spring-configured />
	<context:component-scan base-package="hmu.netmpea">
		<context:exclude-filter type="annotation"
			expression="org.springframework.stereotype.Controller" />
	</context:component-scan>

	 
	<bean id="connection" class="org.rosuda.REngine.Rserve.RConnection" destroy-method="close">
	</bean>
	
	<bean id="annotationConfiguration"
		class="org.compass.annotations.config.CompassAnnotationsConfiguration" />

	<!--  --><cps:compass name="metabolitefind">
		<cps:connection>
			<!--<cps:file path="/var/lib/tomcat-6.0.33/webapps/db/MNmeta/MNmeta_idx"/>-->
			<!--<cps:file path="/usr/local/apache-tomcat-6.0.35/webapps/db/MNmeta/MNmeta_idx"/>-->
			
			<cps:file path="/db/MNmeta/MNmeta_idx"/> 
			
		</cps:connection>
		<cps:osem />
		<cps:mappings>
			<cps:class name="hmu.netmpea.osem.Metabolite" />
		</cps:mappings>
	</cps:compass>
	<cps:context />
	<cps:session id="cpsSession" />
	
	<bean id="compassGps" class="org.compass.gps.impl.SingleCompassGps"
		init-method="start" destroy-method="stop">
		<property name="compass" ref="metabolitefind" />
		<!-- 
		<property name="gpsDevices">
			<list>
				<ref bean="jpaGpsDevice" />
			</list>
		</property>
		 -->
	</bean>

</beans>
