<?xml version="1.0" encoding="UTF-8"?>
<beans:beans xmlns="http://www.springframework.org/schema/mvc"
	xmlns:xsi="http://www.w3.org/2001/XMLSchema-instance"
	xmlns:beans="http://www.springframework.org/schema/beans"
	xmlns:context="http://www.springframework.org/schema/context"
	xmlns:webflow="http://www.springframework.org/schema/webflow-config"
	xsi:schemaLocation="http://www.springframework.org/schema/webflow-config http://www.springframework.org/schema/webflow-config/spring-webflow-config-2.3.xsd
		http://www.springframework.org/schema/mvc http://www.springframework.org/schema/mvc/spring-mvc-3.0.xsd
		http://www.springframework.org/schema/beans http://www.springframework.org/schema/beans/spring-beans-3.0.xsd
		http://www.springframework.org/schema/context http://www.springframework.org/schema/context/spring-context-3.0.xsd">

	<!-- DispatcherServlet Context: defines this servlet's request-processing infrastructure -->
	
	<!-- Enables the Spring MVC @Controller programming model -->
	<annotation-driven />

	<!-- Handles HTTP GET requests for /resources/** by efficiently serving up static resources in the ${webappRoot}/resources directory -->
	<resources mapping="/resources/**" location="/resources/" />

	<!-- Resolves views selected for rendering by @Controllers to .jsp resources in the /WEB-INF/views directory -->
	<!-- 
	<beans:bean class="org.springframework.web.servlet.view.InternalResourceViewResolver" id="viewResolver">
		<beans:property name="prefix" value="/WEB-INF/views/" />
		<beans:property name="suffix" value=".jspx" />
	</beans:bean> -->
	
	<context:component-scan base-package="hmu.netmpea.web" />
	
	<view-controller path="/" view-name="form"/>
	
	<beans:bean class="org.springframework.web.multipart.commons.CommonsMultipartResolver" id="multipartResolver"/>
	<beans:bean class="org.springframework.web.servlet.view.UrlBasedViewResolver" id="tilesViewResolver">
    	<beans:property name="viewClass" value="org.springframework.web.servlet.view.tiles2.TilesView"/>
  	</beans:bean>
    <beans:bean class="org.springframework.web.servlet.view.tiles2.TilesConfigurer" id="tilesConfigurer">
    <beans:property name="definitions">
      <beans:list>
        <beans:value>/WEB-INF/layout/layout.xml</beans:value>
        <!-- 
        <beans:value>/WEB-INF/views/**/views.xml</beans:value> -->
      </beans:list>
    </beans:property>
  	</beans:bean>

</beans:beans>
