<?xml version="1.0" encoding="UTF-8"?>
<!DOCTYPE log4j:configuration PUBLIC "-//APACHE//DTD LOG4J 1.2//EN" "./log4j.dtd">
<log4j:configuration xmlns:log4j="http://jakarta.apache.org/log4j/">

	<!-- Appenders -->
	<appender name="console" class="org.apache.log4j.ConsoleAppender">
		<param name="Target" value="System.out" />
		<layout class="org.apache.log4j.PatternLayout">
			<param name="ConversionPattern" value="%d{ABSOLUTE} %5p %c{1}:%L - %m%n" />
		</layout>
	</appender>
	
	<!-- Application Loggers -->
	<logger name="hmu.netmpea.services">
		<level value="warn" />
	</logger>

	<logger name="hmu.netmpea.web">
		<level value="warn" />
	</logger>

	<logger name="org.springframework">
		<level value="warn"></level>
	</logger>

	<logger name="org.hibernate">
		<level value="warn"></level>
	</logger>

	<!-- Root Logger -->
	<root>
		<priority value="warn" />
		<appender-ref ref="console" />
	</root>
	
</log4j:configuration>
